<?xml version="1.0" encoding="UTF-8"?>
<OptionSet>
	<Version>1</Version>
	<DrawColorInIconPicker>1</DrawColorInIconPicker>
	<ThemeType>Map</ThemeType>
	<IconRoot>Circular</IconRoot>
	<IconScale>1.08</IconScale>
	<Shapes>
		<Shape>Circle</Shape>
	</Shapes>

	<Comment>
		Banking Fraud Example's Icons:
		ALERT TYPE
		ALERT NAME
		NAME
		CUSTOMER ID
		BRANCH NAME
		ACCOUNT OFFICER NAME
		Cyber Network Example's Icons:
		-SOURCE ORGANIZATION
		-SOURCE ADDRESS
		-DESTINATION ORGANIZATION
		-DESTINATION ADDRESS
	</Comment>


	<!-- LINK TYPES -->

	<AssociationType
    associationType=""
    style="Solid"
    color="000"
    width="1"
    subtype="" />
<AssociationType
    width="1"
    associationType="Association"
    style="Solid"
    color="5263440"
    subtype="" />


	<!-- NODE TYPES -->

	<PlaceType placeType="ALERT TYPE" icon="Danger/Warning.png" color="16724787" shape="Circle" subtype="" />
	<PlaceType placeType="ALERT NAME" icon="Communications/Information.png" color="16750899" shape="Circle" subtype="" />
	<PlaceType placeType="NAME" icon="People/Man.png" color="26316" shape="Circle" subtype="" />
	<PlaceType placeType="CUSTOMER ID" icon="People/Man.png" color="26316" shape="Circle" subtype="" />
	<PlaceType placeType="BRANCH NAME" icon="Buildings/Bank.png" color="39168" shape="Circle" subtype="" />
	<PlaceType placeType="ACCOUNT OFFICER NAME" icon="People/Man.png" color="52224" shape="Circle" subtype="" />
	<PlaceType placeType="SOURCE ADDRESS" icon="Communications/Network.png" color="16733525" shape="Circle" subtype="" />
	<PlaceType placeType="DESTINATION ADDRESS" icon="Communications/Network.png" color="5592575" shape="Circle" subtype="" />
	<PlaceType placeType="SOURCE ORGANIZATION" icon="Communications/Router.png" color="16711680" shape="Circle" subtype="" />
	<PlaceType placeType="DESTINATION ORGANIZATION" icon="Communications/Router.png" color="255" shape="Circle" subtype="" />


	<!-- COUNTRY FLAGS -->

	<PlaceType placeType="AF" icon="Flags/AF.png" color="263951" shape="none" subtype="" />
	<PlaceType placeType="AFG" icon="Flags/AF.png" color="11014715" shape="none" subtype="" />
	<PlaceType placeType="AFGHANISTAN" icon="Flags/AF.png" color="8591072" shape="none" subtype="" />
	<PlaceType placeType="AL" icon="Flags/AL.png" color="11602004" shape="none" subtype="" />
	<PlaceType placeType="ALB" icon="Flags/AL.png" color="10732395" shape="none" subtype="" />
	<PlaceType placeType="ALBANIA" icon="Flags/AL.png" color="2941338" shape="none" subtype="" />
	<PlaceType placeType="DZ" icon="Flags/DZ.png" color="5777049" shape="none" subtype="" />
	<PlaceType placeType="DZA" icon="Flags/DZ.png" color="8650247" shape="none" subtype="" />
	<PlaceType placeType="ALGERIA" icon="Flags/DZ.png" color="12982981" shape="none" subtype="" />
	<PlaceType placeType="AS" icon="Flags/AS.png" color="1553557" shape="none" subtype="" />
	<PlaceType placeType="ASM" icon="Flags/AS.png" color="4962675" shape="none" subtype="" />
	<PlaceType placeType="AMERICAN SAMOA" icon="Flags/AS.png" color="5343224" shape="none" subtype="" />
	<PlaceType placeType="AC" icon="Flags/AC.png" color="4580402" shape="none" subtype="" />
	<PlaceType placeType="ASCENSION ISLAND" icon="Flags/AC.png" color="7574691" shape="none" subtype="" />
	<PlaceType placeType="AD" icon="Flags/AD.png" color="15141888" shape="none" subtype="" />
	<PlaceType placeType="AND" icon="Flags/AD.png" color="6188665" shape="none" subtype="" />
	<PlaceType placeType="ANDORRA" icon="Flags/AD.png" color="5786537" shape="none" subtype="" />
	<PlaceType placeType="ANDORA" icon="Flags/AD.png" color="11598568" shape="none" subtype="" />
	<PlaceType placeType="AO" icon="Flags/AO.png" color="11398230" shape="none" subtype="" />
	<PlaceType placeType="AGO" icon="Flags/AO.png" color="16637762" shape="none" subtype="" />
	<PlaceType placeType="ANGOLA" icon="Flags/AO.png" color="912450" shape="none" subtype="" />
	<PlaceType placeType="AI" icon="Flags/AI.png" color="5032026" shape="none" subtype="" />
	<PlaceType placeType="AIA" icon="Flags/AI.png" color="12169194" shape="none" subtype="" />
	<PlaceType placeType="ANGUILLA" icon="Flags/AI.png" color="5420202" shape="none" subtype="" />
	<PlaceType placeType="AQ" icon="Flags/AQ.png" color="9883631" shape="none" subtype="" />
	<PlaceType placeType="ATA" icon="Flags/AQ.png" color="12800016" shape="none" subtype="" />
	<PlaceType placeType="ANTARCTICA" icon="Flags/AQ.png" color="10048394" shape="none" subtype="" />
	<PlaceType placeType="AG" icon="Flags/AG.png" color="1284798" shape="none" subtype="" />
	<PlaceType placeType="ATG" icon="Flags/AG.png" color="7936270" shape="none" subtype="" />
	<PlaceType placeType="ANTIGUA AND BARBUDA" icon="Flags/AG.png" color="10379677" shape="none" subtype="" />
	<PlaceType placeType="ANTIGUA BARBUDA" icon="Flags/AG.png" color="11617790" shape="none" subtype="" />
	<PlaceType placeType="ARAB LEAGUE" icon="Flags/Arab League.png" color="1103504" shape="none" subtype="" />
	<PlaceType placeType="AR" icon="Flags/AR.png" color="14142953" shape="none" subtype="" />
	<PlaceType placeType="ARG" icon="Flags/AR.png" color="7918230" shape="none" subtype="" />
	<PlaceType placeType="ARGENTINA" icon="Flags/AR.png" color="4580129" shape="none" subtype="" />
	<PlaceType placeType="AM" icon="Flags/AM.png" color="2317393" shape="none" subtype="" />
	<PlaceType placeType="ARM" icon="Flags/AM.png" color="14298872" shape="none" subtype="" />
	<PlaceType placeType="ARMENIA" icon="Flags/AM.png" color="2386863" shape="none" subtype="" />
	<PlaceType placeType="AW" icon="Flags/AW.png" color="3765266" shape="none" subtype="" />
	<PlaceType placeType="ABW" icon="Flags/AW.png" color="9053306" shape="none" subtype="" />
	<PlaceType placeType="ARUBA" icon="Flags/AW.png" color="3107538" shape="none" subtype="" />

	<PlaceType placeType="AU" icon="Flags/AU.png" color="15175927" shape="none" subtype="" />
	<PlaceType placeType="AUS" icon="Flags/AU.png" color="328214" shape="none" subtype="" />
	<PlaceType placeType="AUSTRALIA" icon="Flags/AU.png" color="2510127" shape="none" subtype="" />

	<PlaceType placeType="AT" icon="Flags/AT.png" color="5176176" shape="none" subtype="" />
	<PlaceType placeType="AUT" icon="Flags/AT.png" color="5774876" shape="none" subtype="" />
	<PlaceType placeType="AUSTRIA" icon="Flags/AT.png" color="14011013" shape="none" subtype="" />
	<PlaceType placeType="ALAND ISLANDS" icon="Flags/AX.png" color="8741250" shape="none" subtype="" />
	<PlaceType placeType="AX" icon="Flags/AX.png" color="9669985" shape="none" subtype="" />
	<PlaceType placeType="AZ" icon="Flags/AZ.png" color="718647" shape="none" subtype="" />
	<PlaceType placeType="AZE" icon="Flags/AZ.png" color="2245649" shape="none" subtype="" />
	<PlaceType placeType="AZERBAIJAN" icon="Flags/AZ.png" color="15264210" shape="none" subtype="" />
	<PlaceType placeType="BS" icon="Flags/BS.png" color="3803917" shape="none" subtype="" />
	<PlaceType placeType="BHS" icon="Flags/BS.png" color="3114706" shape="none" subtype="" />
	<PlaceType placeType="BAHAMAS" icon="Flags/BS.png" color="10808143" shape="none" subtype="" />
	<PlaceType placeType="BH" icon="Flags/BH.png" color="5023767" shape="none" subtype="" />
	<PlaceType placeType="BHR" icon="Flags/BH.png" color="10878149" shape="none" subtype="" />
	<PlaceType placeType="BAHRAIN" icon="Flags/BH.png" color="1610812" shape="none" subtype="" />
	<PlaceType placeType="BD" icon="Flags/BD.png" color="14722755" shape="none" subtype="" />
	<PlaceType placeType="BGD" icon="Flags/BD.png" color="5203044" shape="none" subtype="" />
	<PlaceType placeType="BANGLADESH" icon="Flags/BD.png" color="15522807" shape="none" subtype="" />
	<PlaceType placeType="BB" icon="Flags/BB.png" color="4147157" shape="none" subtype="" />
	<PlaceType placeType="BRB" icon="Flags/BB.png" color="6604210" shape="none" subtype="" />
	<PlaceType placeType="BARBADOS" icon="Flags/BB.png" color="7942286" shape="none" subtype="" />
	<PlaceType placeType="BY" icon="Flags/BY.png" color="7093656" shape="none" subtype="" />
	<PlaceType placeType="BLR" icon="Flags/BY.png" color="4822815" shape="none" subtype="" />
	<PlaceType placeType="BELARUS" icon="Flags/BY.png" color="6858985" shape="none" subtype="" />
	<PlaceType placeType="BE" icon="Flags/BE.png" color="68066" shape="none" subtype="" />
	<PlaceType placeType="BEL" icon="Flags/BE.png" color="2606710" shape="none" subtype="" />
	<PlaceType placeType="BELGIUM" icon="Flags/BE.png" color="13461870" shape="none" subtype="" />
	<PlaceType placeType="BELGUIM" icon="Flags/BE.png" color="12859626" shape="none" subtype="" />
	<PlaceType placeType="BZ" icon="Flags/BZ.png" color="6533490" shape="none" subtype="" />
	<PlaceType placeType="BLZ" icon="Flags/BZ.png" color="9209294" shape="none" subtype="" />
	<PlaceType placeType="BELIZE" icon="Flags/BZ.png" color="7058413" shape="none" subtype="" />
	<PlaceType placeType="BJ" icon="Flags/BJ.png" color="16424009" shape="none" subtype="" />
	<PlaceType placeType="BEN" icon="Flags/BJ.png" color="3369596" shape="none" subtype="" />
	<PlaceType placeType="BENIN" icon="Flags/BJ.png" color="8422777" shape="none" subtype="" />
	<PlaceType placeType="BM" icon="Flags/BM.png" color="393229" shape="none" subtype="" />
	<PlaceType placeType="BMU" icon="Flags/BM.png" color="9860582" shape="none" subtype="" />
	<PlaceType placeType="BERMUDA" icon="Flags/BM.png" color="7241762" shape="none" subtype="" />
	<PlaceType placeType="BT" icon="Flags/BT.png" color="11177080" shape="none" subtype="" />
	<PlaceType placeType="BTN" icon="Flags/BT.png" color="3319299" shape="none" subtype="" />
	<PlaceType placeType="BHUTAN" icon="Flags/BT.png" color="4488135" shape="none" subtype="" />
	<PlaceType placeType="BO" icon="Flags/BO.png" color="681305" shape="none" subtype="" />
	<PlaceType placeType="BOL" icon="Flags/BO.png" color="3540350" shape="none" subtype="" />
	<PlaceType placeType="BOLIVIA" icon="Flags/BO.png" color="10851119" shape="none" subtype="" />
	<PlaceType placeType="BA" icon="Flags/BA.png" color="7321044" shape="none" subtype="" />
	<PlaceType placeType="BIH" icon="Flags/BA.png" color="12178024" shape="none" subtype="" />
	<PlaceType placeType="BOSNIA AND HERZEGOWINA" icon="Flags/BA.png" color="1730961" shape="none" subtype="" />
	<PlaceType placeType="BOSNIA" icon="Flags/BA.png" color="16478184" shape="none" subtype="" />
	<PlaceType placeType="BOSNIA HERZEGOWINA" icon="Flags/BA.png" color="6853493" shape="none" subtype="" />
	<PlaceType placeType="BW" icon="Flags/BW.png" color="14039213" shape="none" subtype="" />
	<PlaceType placeType="BWA" icon="Flags/BW.png" color="6522658" shape="none" subtype="" />
	<PlaceType placeType="BOTSWANA" icon="Flags/BW.png" color="7888537" shape="none" subtype="" />
	<PlaceType placeType="BV" icon="Flags/BV.png" color="4767393" shape="none" subtype="" />
	<PlaceType placeType="BVT" icon="Flags/BV.png" color="2165968" shape="none" subtype="" />
	<PlaceType placeType="BOUVET ISLAND" icon="Flags/BV.png" color="12321491" shape="none" subtype="" />
	<PlaceType placeType="BR" icon="Flags/BR.png" color="4735023" shape="none" subtype="" />
	<PlaceType placeType="BRA" icon="Flags/BR.png" color="10319001" shape="none" subtype="" />
	<PlaceType placeType="BRAZIL" icon="Flags/BR.png" color="15813303" shape="none" subtype="" />
	<PlaceType placeType="IO" icon="Flags/IO.png" color="14645772" shape="none" subtype="" />
	<PlaceType placeType="IOT" icon="Flags/IO.png" color="2955282" shape="none" subtype="" />
	<PlaceType placeType="BRITISH INDIAN OCEAN TERRITORY" icon="Flags/IO.png" color="6517149" shape="none" subtype="" />
	<PlaceType placeType="BRITISH INDIAN OCEAN" icon="Flags/IO.png" color="5915795" shape="none" subtype="" />
	<PlaceType placeType="BN" icon="Flags/BN.png" color="11712231" shape="none" subtype="" />
	<PlaceType placeType="BRN" icon="Flags/BN.png" color="3304199" shape="none" subtype="" />
	<PlaceType placeType="BRUNEI DARUSSALAM" icon="Flags/BN.png" color="15720439" shape="none" subtype="" />
	<PlaceType placeType="BG" icon="Flags/BG.png" color="6109212" shape="none" subtype="" />
	<PlaceType placeType="BGR" icon="Flags/BG.png" color="14064329" shape="none" subtype="" />
	<PlaceType placeType="BULGARIA" icon="Flags/BG.png" color="4164437" shape="none" subtype="" />
	<PlaceType placeType="BF" icon="Flags/BF.png" color="10982193" shape="none" subtype="" />
	<PlaceType placeType="BFA" icon="Flags/BF.png" color="3369059" shape="none" subtype="" />
	<PlaceType placeType="BURKINA FASO" icon="Flags/BF.png" color="14009573" shape="none" subtype="" />
	<PlaceType placeType="BU" icon="Flags/BU.png" color="15666348" shape="none" subtype="" />
	<PlaceType placeType="BRM" icon="Flags/BU.png" color="16294206" shape="none" subtype="" />
	<PlaceType placeType="BURMA" icon="Flags/BU.png" color="9703729" shape="none" subtype="" />
	<PlaceType placeType="BI" icon="Flags/BI.png" color="11784613" shape="none" subtype="" />
	<PlaceType placeType="BDI" icon="Flags/BI.png" color="2640064" shape="none" subtype="" />
	<PlaceType placeType="BURUNDI" icon="Flags/BI.png" color="9102381" shape="none" subtype="" />
	<PlaceType placeType="KH" icon="Flags/KH.png" color="7392679" shape="none" subtype="" />
	<PlaceType placeType="KHM" icon="Flags/KH.png" color="1033347" shape="none" subtype="" />
	<PlaceType placeType="CAMBODIA" icon="Flags/KH.png" color="10925494" shape="none" subtype="" />
	<PlaceType placeType="CM" icon="Flags/CM.png" color="16308488" shape="none" subtype="" />
	<PlaceType placeType="CMR" icon="Flags/CM.png" color="636575" shape="none" subtype="" />
	<PlaceType placeType="CAMEROON" icon="Flags/CM.png" color="7494437" shape="none" subtype="" />
	<PlaceType placeType="CA" icon="Flags/CA.png" color="5757503" shape="none" subtype="" />
	<PlaceType placeType="CAN" icon="Flags/CA.png" color="3064658" shape="none" subtype="" />
	<PlaceType placeType="CANADA" icon="Flags/CA.png" color="11667784" shape="none" subtype="" />
	<PlaceType placeType="CV" icon="Flags/CV.png" color="5130173" shape="none" subtype="" />
	<PlaceType placeType="CPV" icon="Flags/CV.png" color="11110219" shape="none" subtype="" />
	<PlaceType placeType="CAPE VERDE" icon="Flags/CV.png" color="16027159" shape="none" subtype="" />
	<PlaceType placeType="KY" icon="Flags/KY.png" color="11693596" shape="none" subtype="" />
	<PlaceType placeType="CYM" icon="Flags/KY.png" color="5248348" shape="none" subtype="" />
	<PlaceType placeType="CAYMAN ISLANDS" icon="Flags/KY.png" color="2311283" shape="none" subtype="" />
	<PlaceType placeType="CF" icon="Flags/CF.png" color="5687502" shape="none" subtype="" />
	<PlaceType placeType="CAF" icon="Flags/CF.png" color="217761" shape="none" subtype="" />
	<PlaceType placeType="CENTRAL AFRICAN REPUBLIC" icon="Flags/CF.png" color="10947897" shape="none" subtype="" />
	<PlaceType placeType="CHECKERED" icon="Flags/Checkered.png" color="13293570" shape="none" subtype="" />
	<PlaceType placeType="TD" icon="Flags/TD.png" color="398691" shape="none" subtype="" />
	<PlaceType placeType="TCD" icon="Flags/TD.png" color="13680398" shape="none" subtype="" />
	<PlaceType placeType="CHAD" icon="Flags/TD.png" color="10405079" shape="none" subtype="" />
	<PlaceType placeType="CL" icon="Flags/CL.png" color="6494732" shape="none" subtype="" />
	<PlaceType placeType="CHL" icon="Flags/CL.png" color="6489573" shape="none" subtype="" />
	<PlaceType placeType="CHILE" icon="Flags/CL.png" color="3780345" shape="none" subtype="" />
	<PlaceType placeType="CN" icon="Flags/CN.png" color="173031" shape="none" subtype="" />
	<PlaceType placeType="CHN" icon="Flags/CN.png" color="7164607" shape="none" subtype="" />
	<PlaceType placeType="CHINA" icon="Flags/CN.png" color="2198554" shape="none" subtype="" />
	<PlaceType placeType="CX" icon="Flags/CX.png" color="12373623" shape="none" subtype="" />
	<PlaceType placeType="CXR" icon="Flags/CX.png" color="797000" shape="none" subtype="" />
	<PlaceType placeType="CHRISTMAS ISLAND" icon="Flags/CX.png" color="3698200" shape="none" subtype="" />
	<PlaceType placeType="CC" icon="Flags/CC.png" color="4450939" shape="none" subtype="" />
	<PlaceType placeType="CCK" icon="Flags/CC.png" color="4745869" shape="none" subtype="" />
	<PlaceType placeType="COCOS (KEELING) ISLANDS" icon="Flags/CC.png" color="2126056" shape="none" subtype="" />
	<PlaceType placeType="COCOS ISLANDS" icon="Flags/CC.png" color="9927266" shape="none" subtype="" />
	<PlaceType placeType="KEELING ISLANDS" icon="Flags/CC.png" color="2715978" shape="none" subtype="" />
	<PlaceType placeType="CO" icon="Flags/CO.png" color="16075952" shape="none" subtype="" />
	<PlaceType placeType="COL" icon="Flags/CO.png" color="12067735" shape="none" subtype="" />
	<PlaceType placeType="COLOMBIA" icon="Flags/CO.png" color="4632813" shape="none" subtype="" />
	<PlaceType placeType="KM" icon="Flags/KM.png" color="16214350" shape="none" subtype="" />
	<PlaceType placeType="COM" icon="Flags/KM.png" color="13525016" shape="none" subtype="" />
	<PlaceType placeType="COMOROS" icon="Flags/KM.png" color="924633" shape="none" subtype="" />
	<PlaceType placeType="CG" icon="Flags/CG.png" color="10935368" shape="none" subtype="" />
	<PlaceType placeType="COG" icon="Flags/CG.png" color="2501047" shape="none" subtype="" />
	<PlaceType placeType="CONGO" icon="Flags/CG.png" color="15933264" shape="none" subtype="" />
	<PlaceType placeType="REPUBLIC OF CONGO" icon="Flags/CG.png" color="9384564" shape="none" subtype="" />
	<PlaceType placeType="CD" icon="Flags/CD.png" color="10677200" shape="none" subtype="" />
	<PlaceType placeType="COD" icon="Flags/CD.png" color="13650033" shape="none" subtype="" />
	<PlaceType placeType="CONGO, THE DRC" icon="Flags/CD.png" color="14536127" shape="none" subtype="" />
	<PlaceType placeType="CONGO DEMOCRATIC REPUBLIC" icon="Flags/CD.png" color="13124895" shape="none" subtype="" />
	<PlaceType placeType="DEMOCRATIC REPUBLIC OF CONGO" icon="Flags/CD.png" color="16352484" shape="none" subtype="" />
	<PlaceType placeType="CONGO REPUBLIC" icon="Flags/Congo Republic.png" color="15426932" shape="none" subtype="" />
	<PlaceType placeType="CK" icon="Flags/CK.png" color="7590370" shape="none" subtype="" />
	<PlaceType placeType="COK" icon="Flags/CK.png" color="13005271" shape="none" subtype="" />
	<PlaceType placeType="COOK ISLANDS" icon="Flags/CK.png" color="10769622" shape="none" subtype="" />
	<PlaceType placeType="CR" icon="Flags/CR.png" color="3702056" shape="none" subtype="" />
	<PlaceType placeType="CRI" icon="Flags/CR.png" color="13386315" shape="none" subtype="" />
	<PlaceType placeType="COSTA RICA" icon="Flags/CR.png" color="11540711" shape="none" subtype="" />
	<PlaceType placeType="CI" icon="Flags/CI.png" color="7936911" shape="none" subtype="" />
	<PlaceType placeType="CIV" icon="Flags/CI.png" color="7560737" shape="none" subtype="" />
	<PlaceType placeType="COTE D'IVOIRE" icon="Flags/CI.png" color="14397229" shape="none" subtype="" />
	<PlaceType placeType="COTE DIVOIRE" icon="Flags/CI.png" color="15333945" shape="none" subtype="" />
	<PlaceType placeType="IVORY COAST" icon="Flags/CI.png" color="15898372" shape="none" subtype="" />
	<PlaceType placeType="HR" icon="Flags/HR.png" color="6875277" shape="none" subtype="" />
	<PlaceType placeType="HRV" icon="Flags/HR.png" color="4817583" shape="none" subtype="" />
	<PlaceType placeType="CROATIA" icon="Flags/HR.png" color="9225696" shape="none" subtype="" />
	<PlaceType placeType="HRVATSKA" icon="Flags/HR.png" color="12390532" shape="none" subtype="" />
	<PlaceType placeType="CS" icon="Flags/CS.png" color="10284827" shape="none" subtype="" />
	<PlaceType placeType="CZECHOSLOVAKIA" icon="Flags/CS.png" color="4092190" shape="none" subtype="" />
	<PlaceType placeType="CU" icon="Flags/CU.png" color="14045877" shape="none" subtype="" />
	<PlaceType placeType="CUB" icon="Flags/CU.png" color="5141873" shape="none" subtype="" />
	<PlaceType placeType="CUBA" icon="Flags/CU.png" color="14732381" shape="none" subtype="" />
	<PlaceType placeType="CY" icon="Flags/CY.png" color="6744121" shape="none" subtype="" />
	<PlaceType placeType="CYP" icon="Flags/CY.png" color="2066888" shape="none" subtype="" />
	<PlaceType placeType="CYPRUS" icon="Flags/CY.png" color="6557371" shape="none" subtype="" />
	<PlaceType placeType="CZ" icon="Flags/CZ.png" color="15010492" shape="none" subtype="" />
	<PlaceType placeType="CZE" icon="Flags/CZ.png" color="1774550" shape="none" subtype="" />
	<PlaceType placeType="CZECH REPUBLIC" icon="Flags/CZ.png" color="13672053" shape="none" subtype="" />
	<PlaceType placeType="DK" icon="Flags/DK.png" color="15608442" shape="none" subtype="" />
	<PlaceType placeType="DNK" icon="Flags/DK.png" color="668144" shape="none" subtype="" />
	<PlaceType placeType="DENMARK" icon="Flags/DK.png" color="7603686" shape="none" subtype="" />
	<PlaceType placeType="DJ" icon="Flags/DJ.png" color="13293367" shape="none" subtype="" />
	<PlaceType placeType="DJI" icon="Flags/DJ.png" color="2991036" shape="none" subtype="" />
	<PlaceType placeType="DJIBOUTI" icon="Flags/DJ.png" color="465816" shape="none" subtype="" />
	<PlaceType placeType="DM" icon="Flags/DM.png" color="9852133" shape="none" subtype="" />
	<PlaceType placeType="DMA" icon="Flags/DM.png" color="6889246" shape="none" subtype="" />
	<PlaceType placeType="DOMINICA" icon="Flags/DM.png" color="10785179" shape="none" subtype="" />
	<PlaceType placeType="DO" icon="Flags/DO.png" color="14189276" shape="none" subtype="" />
	<PlaceType placeType="DOM" icon="Flags/DO.png" color="10481933" shape="none" subtype="" />
	<PlaceType placeType="DOMINICAN REPUBLIC" icon="Flags/DO.png" color="10394097" shape="none" subtype="" />
	<PlaceType placeType="TL" icon="Flags/TL.png" color="6904542" shape="none" subtype="" />
	<PlaceType placeType="TLS" icon="Flags/TL.png" color="3060185" shape="none" subtype="" />
	<PlaceType placeType="EAST TIMOR" icon="Flags/TL.png" color="2434327" shape="none" subtype="" />
	<PlaceType placeType="EC" icon="Flags/EC.png" color="1710891" shape="none" subtype="" />
	<PlaceType placeType="ECU" icon="Flags/EC.png" color="6451294" shape="none" subtype="" />
	<PlaceType placeType="ECUADOR" icon="Flags/EC.png" color="11971292" shape="none" subtype="" />
	<PlaceType placeType="EG" icon="Flags/EG.png" color="2416287" shape="none" subtype="" />
	<PlaceType placeType="EGY" icon="Flags/EG.png" color="16267900" shape="none" subtype="" />
	<PlaceType placeType="EGYPT" icon="Flags/EG.png" color="10382771" shape="none" subtype="" />
	<PlaceType placeType="SV" icon="Flags/SV.png" color="16056392" shape="none" subtype="" />
	<PlaceType placeType="SLV" icon="Flags/SV.png" color="16118609" shape="none" subtype="" />
	<PlaceType placeType="EL SALVADOR" icon="Flags/SV.png" color="8367963" shape="none" subtype="" />
	<PlaceType placeType="GQ" icon="Flags/GQ.png" color="8003878" shape="none" subtype="" />
	<PlaceType placeType="GNQ" icon="Flags/GQ.png" color="6579044" shape="none" subtype="" />
	<PlaceType placeType="EQUATORIAL GUINEA" icon="Flags/GQ.png" color="12782704" shape="none" subtype="" />
	<PlaceType placeType="ER" icon="Flags/ER.png" color="3339087" shape="none" subtype="" />
	<PlaceType placeType="ERI" icon="Flags/ER.png" color="3617082" shape="none" subtype="" />
	<PlaceType placeType="ERITREA" icon="Flags/ER.png" color="13804276" shape="none" subtype="" />
	<PlaceType placeType="EE" icon="Flags/EE.png" color="5872970" shape="none" subtype="" />
	<PlaceType placeType="EST" icon="Flags/EE.png" color="10328934" shape="none" subtype="" />
	<PlaceType placeType="ESTONIA" icon="Flags/EE.png" color="7459595" shape="none" subtype="" />
	<PlaceType placeType="ET" icon="Flags/ET.png" color="14842088" shape="none" subtype="" />
	<PlaceType placeType="ETH" icon="Flags/ET.png" color="9070862" shape="none" subtype="" />
	<PlaceType placeType="ETHIOPIA" icon="Flags/ET.png" color="1610104" shape="none" subtype="" />
	<PlaceType placeType="FK" icon="Flags/FK.png" color="11831687" shape="none" subtype="" />
	<PlaceType placeType="FLK" icon="Flags/FK.png" color="1355403" shape="none" subtype="" />
	<PlaceType placeType="FALKLAND ISLANDS (MALVINAS)" icon="Flags/FK.png" color="5988142" shape="none" subtype="" />
	<PlaceType placeType="FALKLAND ISLANDS" icon="Flags/FK.png" color="3596944" shape="none" subtype="" />
	<PlaceType placeType="MALVINAS" icon="Flags/FK.png" color="839948" shape="none" subtype="" />
	<PlaceType placeType="FO" icon="Flags/FO.png" color="12608814" shape="none" subtype="" />
	<PlaceType placeType="FRO" icon="Flags/FO.png" color="11972591" shape="none" subtype="" />
	<PlaceType placeType="FAROE ISLANDS" icon="Flags/FO.png" color="10891301" shape="none" subtype="" />
	<PlaceType placeType="FJ" icon="Flags/FJ.png" color="2112526" shape="none" subtype="" />
	<PlaceType placeType="FJI" icon="Flags/FJ.png" color="2291982" shape="none" subtype="" />
	<PlaceType placeType="FIJI" icon="Flags/FJ.png" color="7985122" shape="none" subtype="" />
	<PlaceType placeType="FI" icon="Flags/FI.png" color="885876" shape="none" subtype="" />
	<PlaceType placeType="FIN" icon="Flags/FI.png" color="3183107" shape="none" subtype="" />
	<PlaceType placeType="FINLAND" icon="Flags/FI.png" color="9043165" shape="none" subtype="" />
	<PlaceType placeType="FR" icon="Flags/FR.png" color="7777908" shape="none" subtype="" />
	<PlaceType placeType="FRA" icon="Flags/FR.png" color="4709824" shape="none" subtype="" />
	<PlaceType placeType="FRANCE" icon="Flags/FR.png" color="35475" shape="none" subtype="" />
	<PlaceType placeType="FRANCE, METROPOLITAN" icon="Flags/FR.png" color="27443" shape="none" subtype="" />
	<PlaceType placeType="FX" icon="Flags/FX.png" color="15843573" shape="none" subtype="" />
	<PlaceType placeType="FXX" icon="Flags/FX.png" color="592077" shape="none" subtype="" />
	<PlaceType placeType="FRANCE, METROPOLITAN" icon="Flags/FX.png" color="16394881" shape="none" subtype="" />
	<PlaceType placeType="GF" icon="Flags/FX.png" color="5080947" shape="none" subtype="" />
	<PlaceType placeType="GUF" icon="Flags/FX.png" color="11678232" shape="none" subtype="" />
	<PlaceType placeType="FRENCH GUIANA" icon="Flags/FX.png" color="13966872" shape="none" subtype="" />
	<PlaceType placeType="PF" icon="Flags/PF.png" color="12740570" shape="none" subtype="" />
	<PlaceType placeType="PYF" icon="Flags/PF.png" color="7739640" shape="none" subtype="" />
	<PlaceType placeType="FRENCH POLYNESIA" icon="Flags/PF.png" color="9940526" shape="none" subtype="" />
	<PlaceType placeType="TF" icon="Flags/TF.png" color="7903436" shape="none" subtype="" />
	<PlaceType placeType="ATF" icon="Flags/TF.png" color="10116741" shape="none" subtype="" />
	<PlaceType placeType="FRENCH SOUTHERN TERRITORIES" icon="Flags/TF.png" color="8543471" shape="none" subtype="" />
	<PlaceType placeType="GA" icon="Flags/GA.png" color="13541240" shape="none" subtype="" />
	<PlaceType placeType="GAB" icon="Flags/GA.png" color="807935" shape="none" subtype="" />
	<PlaceType placeType="GABON" icon="Flags/GA.png" color="4244676" shape="none" subtype="" />
	<PlaceType placeType="GM" icon="Flags/GM.png" color="11807149" shape="none" subtype="" />
	<PlaceType placeType="GMB" icon="Flags/GM.png" color="6003986" shape="none" subtype="" />
	<PlaceType placeType="GAMBIA" icon="Flags/GM.png" color="1682098" shape="none" subtype="" />
	<PlaceType placeType="GE" icon="Flags/GE.png" color="9166720" shape="none" subtype="" />
	<PlaceType placeType="GEO" icon="Flags/GE.png" color="10995460" shape="none" subtype="" />
	<PlaceType placeType="GEORGIA" icon="Flags/GE.png" color="3867873" shape="none" subtype="" />
	<PlaceType placeType="GG" icon="Flags/GG.png" color="6285742" shape="none" subtype="" />
	<PlaceType placeType="GUERNSEY" icon="Flags/GG.png" color="11574357" shape="none" subtype="" />
	<PlaceType placeType="DE" icon="Flags/DE.png" color="9082268" shape="none" subtype="" />
	<PlaceType placeType="DEU" icon="Flags/DE.png" color="14197767" shape="none" subtype="" />
	<PlaceType placeType="GERMANY" icon="Flags/DE.png" color="8377159" shape="none" subtype="" />
	<PlaceType placeType="GH" icon="Flags/GH.png" color="1987460" shape="none" subtype="" />
	<PlaceType placeType="GHA" icon="Flags/GH.png" color="5302557" shape="none" subtype="" />
	<PlaceType placeType="GHANA" icon="Flags/GH.png" color="5053006" shape="none" subtype="" />
	<PlaceType placeType="GI" icon="Flags/GI.png" color="1355020" shape="none" subtype="" />
	<PlaceType placeType="GIB" icon="Flags/GI.png" color="9314378" shape="none" subtype="" />
	<PlaceType placeType="GIBRALTAR" icon="Flags/GI.png" color="9056686" shape="none" subtype="" />
	<PlaceType placeType="GR" icon="Flags/GR.png" color="2012455" shape="none" subtype="" />
	<PlaceType placeType="GRC" icon="Flags/GR.png" color="1534178" shape="none" subtype="" />
	<PlaceType placeType="GREECE" icon="Flags/GR.png" color="6978221" shape="none" subtype="" />
	<PlaceType placeType="GL" icon="Flags/GL.png" color="6768770" shape="none" subtype="" />
	<PlaceType placeType="GRL" icon="Flags/GL.png" color="6563375" shape="none" subtype="" />
	<PlaceType placeType="GREENLAND" icon="Flags/GL.png" color="4158917" shape="none" subtype="" />
	<PlaceType placeType="GD" icon="Flags/GD.png" color="8775807" shape="none" subtype="" />
	<PlaceType placeType="GRD" icon="Flags/GD.png" color="14269826" shape="none" subtype="" />
	<PlaceType placeType="GRENADA" icon="Flags/GD.png" color="12757569" shape="none" subtype="" />
	<PlaceType placeType="GP" icon="Flags/GP.png" color="7520616" shape="none" subtype="" />
	<PlaceType placeType="GLP" icon="Flags/GP.png" color="5861889" shape="none" subtype="" />
	<PlaceType placeType="GUADELOUPE" icon="Flags/GP.png" color="8496101" shape="none" subtype="" />
	<PlaceType placeType="GU" icon="Flags/GU.png" color="10513861" shape="none" subtype="" />
	<PlaceType placeType="GUM" icon="Flags/GU.png" color="9068532" shape="none" subtype="" />
	<PlaceType placeType="GUAM" icon="Flags/GU.png" color="1074997" shape="none" subtype="" />
	<PlaceType placeType="GT" icon="Flags/GT.png" color="8149064" shape="none" subtype="" />
	<PlaceType placeType="GTM" icon="Flags/GT.png" color="16541805" shape="none" subtype="" />
	<PlaceType placeType="GUATEMALA" icon="Flags/GT.png" color="12111291" shape="none" subtype="" />
	<PlaceType placeType="GN" icon="Flags/GN.png" color="13697214" shape="none" subtype="" />
	<PlaceType placeType="GIN" icon="Flags/GN.png" color="5575396" shape="none" subtype="" />
	<PlaceType placeType="GUINEA" icon="Flags/GN.png" color="12206173" shape="none" subtype="" />
	<PlaceType placeType="GW" icon="Flags/GW.png" color="15880138" shape="none" subtype="" />
	<PlaceType placeType="GNB" icon="Flags/GW.png" color="2656389" shape="none" subtype="" />
	<PlaceType placeType="GUINEA-BISSAU" icon="Flags/GW.png" color="4002359" shape="none" subtype="" />
	<PlaceType placeType="GY" icon="Flags/GY.png" color="14630125" shape="none" subtype="" />
	<PlaceType placeType="GUY" icon="Flags/GY.png" color="14247395" shape="none" subtype="" />
	<PlaceType placeType="GUYANA" icon="Flags/GY.png" color="13699866" shape="none" subtype="" />
	<PlaceType placeType="HT" icon="Flags/HT.png" color="4936872" shape="none" subtype="" />
	<PlaceType placeType="HTI" icon="Flags/HT.png" color="8348740" shape="none" subtype="" />
	<PlaceType placeType="HAITI" icon="Flags/HT.png" color="4801894" shape="none" subtype="" />
	<PlaceType placeType="HM" icon="Flags/HM.png" color="744675" shape="none" subtype="" />
	<PlaceType placeType="HMD" icon="Flags/HM.png" color="8009618" shape="none" subtype="" />
	<PlaceType placeType="HEARD AND MC DONALD ISLANDS" icon="Flags/HM.png" color="4061502" shape="none" subtype="" />
	<PlaceType placeType="VA" icon="Flags/VA.png" color="13067511" shape="none" subtype="" />
	<PlaceType placeType="VAT" icon="Flags/VA.png" color="13617860" shape="none" subtype="" />
	<PlaceType placeType="HOLY SEE (VATICAN CITY STATE)" icon="Flags/VA.png" color="5699164" shape="none" subtype="" />
	<PlaceType placeType="VATICAN CITY STATE (HOLY SEE)" icon="Flags/VA.png" color="6677322" shape="none" subtype="" />
	<PlaceType placeType="VATICAN CITY STATE" icon="Flags/VA.png" color="1578686" shape="none" subtype="" />
	<PlaceType placeType="HOLY SEE" icon="Flags/VA.png" color="3923059" shape="none" subtype="" />
	<PlaceType placeType="HN" icon="Flags/HN.png" color="3571550" shape="none" subtype="" />
	<PlaceType placeType="HND" icon="Flags/HN.png" color="15446488" shape="none" subtype="" />
	<PlaceType placeType="HONDURAS" icon="Flags/HN.png" color="3018160" shape="none" subtype="" />
	<PlaceType placeType="HK" icon="Flags/HK.png" color="10538043" shape="none" subtype="" />
	<PlaceType placeType="HKG" icon="Flags/HK.png" color="1505110" shape="none" subtype="" />
	<PlaceType placeType="HONG KONG" icon="Flags/HK.png" color="5174312" shape="none" subtype="" />
	<PlaceType placeType="HONGKONG CHINA" icon="Flags/HK.png" color="7717659" shape="none" subtype="" />
	<PlaceType placeType="HU" icon="Flags/HU.png" color="7931451" shape="none" subtype="" />
	<PlaceType placeType="HUN" icon="Flags/HU.png" color="15159132" shape="none" subtype="" />
	<PlaceType placeType="HUNGARY" icon="Flags/HU.png" color="866656" shape="none" subtype="" />
	<PlaceType placeType="IS" icon="Flags/IS.png" color="3959121" shape="none" subtype="" />
	<PlaceType placeType="ISL" icon="Flags/IS.png" color="16043011" shape="none" subtype="" />
	<PlaceType placeType="ICELAND" icon="Flags/IS.png" color="6061765" shape="none" subtype="" />
	<PlaceType placeType="IM" icon="Flags/IM.png" color="4838214" shape="none" subtype="" />
	<PlaceType placeType="ISLE OF MEN" icon="Flags/IM.png" color="12276805" shape="none" subtype="" />
	<PlaceType placeType="IN" icon="Flags/IN.png" color="15551697" shape="none" subtype="" />
	<PlaceType placeType="IND" icon="Flags/IN.png" color="11804017" shape="none" subtype="" />
	<PlaceType placeType="INDIA" icon="Flags/IN.png" color="15329748" shape="none" subtype="" />
	<PlaceType placeType="ID" icon="Flags/ID.png" color="11836216" shape="none" subtype="" />
	<PlaceType placeType="IDN" icon="Flags/ID.png" color="7889479" shape="none" subtype="" />
	<PlaceType placeType="INDONESIA" icon="Flags/ID.png" color="423751" shape="none" subtype="" />
	<PlaceType placeType="IR" icon="Flags/IR.png" color="4662596" shape="none" subtype="" />
	<PlaceType placeType="IRN" icon="Flags/IR.png" color="5727022" shape="none" subtype="" />
	<PlaceType placeType="IRAN (ISLAMIC REPUBLIC OF)" icon="Flags/IR.png" color="7668245" shape="none" subtype="" />
	<PlaceType placeType="IRAN" icon="Flags/IR.png" color="9765017" shape="none" subtype="" />
	<PlaceType placeType="IQ" icon="Flags/IQ.png" color="11359178" shape="none" subtype="" />
	<PlaceType placeType="IRQ" icon="Flags/IQ.png" color="15852092" shape="none" subtype="" />
	<PlaceType placeType="IRAQ" icon="Flags/IQ.png" color="13292576" shape="none" subtype="" />
	<PlaceType placeType="IE" icon="Flags/IE.png" color="1440306" shape="none" subtype="" />
	<PlaceType placeType="IRL" icon="Flags/IE.png" color="5139143" shape="none" subtype="" />
	<PlaceType placeType="IRELAND" icon="Flags/IE.png" color="12779338" shape="none" subtype="" />
	<PlaceType placeType="IL" icon="Flags/IL.png" color="10977217" shape="none" subtype="" />
	<PlaceType placeType="ISR" icon="Flags/IL.png" color="3128967" shape="none" subtype="" />
	<PlaceType placeType="ISRAEL" icon="Flags/IL.png" color="12698801" shape="none" subtype="" />
	<PlaceType placeType="IT" icon="Flags/IT.png" color="13049987" shape="none" subtype="" />
	<PlaceType placeType="ITA" icon="Flags/IT.png" color="8115118" shape="none" subtype="" />
	<PlaceType placeType="ITALY" icon="Flags/IT.png" color="12968806" shape="none" subtype="" />
	<PlaceType placeType="JE" icon="Flags/JE.png" color="7260490" shape="none" subtype="" />
	<PlaceType placeType="JER" icon="Flags/JE.png" color="8348548" shape="none" subtype="" />
	<PlaceType placeType="JERSEY" icon="Flags/JE.png" color="1889383" shape="none" subtype="" />
	<PlaceType placeType="JM" icon="Flags/JM.png" color="13876583" shape="none" subtype="" />
	<PlaceType placeType="JAM" icon="Flags/JM.png" color="315350" shape="none" subtype="" />
	<PlaceType placeType="JAMAICA" icon="Flags/JM.png" color="14810697" shape="none" subtype="" />
	<PlaceType placeType="JP" icon="Flags/JP.png" color="12624628" shape="none" subtype="" />
	<PlaceType placeType="JPN" icon="Flags/JP.png" color="3740230" shape="none" subtype="" />
	<PlaceType placeType="JAPAN" icon="Flags/JP.png" color="1207521" shape="none" subtype="" />
	<PlaceType placeType="JO" icon="Flags/JO.png" color="1653510" shape="none" subtype="" />
	<PlaceType placeType="JOR" icon="Flags/JO.png" color="5476389" shape="none" subtype="" />
	<PlaceType placeType="JORDAN" icon="Flags/JO.png" color="6727606" shape="none" subtype="" />
	<PlaceType placeType="KZ" icon="Flags/KZ.png" color="4848632" shape="none" subtype="" />
	<PlaceType placeType="KAZ" icon="Flags/KZ.png" color="707706" shape="none" subtype="" />
	<PlaceType placeType="KAZAKHSTAN" icon="Flags/KZ.png" color="11604411" shape="none" subtype="" />
	<PlaceType placeType="KE" icon="Flags/KE.png" color="2079995" shape="none" subtype="" />
	<PlaceType placeType="KEN" icon="Flags/KE.png" color="10885991" shape="none" subtype="" />
	<PlaceType placeType="KENYA" icon="Flags/KE.png" color="8441262" shape="none" subtype="" />
	<PlaceType placeType="KI" icon="Flags/KI.png" color="12022260" shape="none" subtype="" />
	<PlaceType placeType="KIR" icon="Flags/KI.png" color="7993587" shape="none" subtype="" />
	<PlaceType placeType="KIRIBATI" icon="Flags/KI.png" color="10685472" shape="none" subtype="" />
	<PlaceType placeType="KP" icon="Flags/KP.png" color="15987924" shape="none" subtype="" />
	<PlaceType placeType="PRK" icon="Flags/KP.png" color="7658560" shape="none" subtype="" />
	<PlaceType placeType="KOREA, D.P.R.O." icon="Flags/KP.png" color="9855839" shape="none" subtype="" />
	<PlaceType placeType="KOREA NORTH" icon="Flags/KP.png" color="9893338" shape="none" subtype="" />
	<PlaceType placeType="NORTH KOREA" icon="Flags/KP.png" color="10488421" shape="none" subtype="" />
	<PlaceType placeType="KR" icon="Flags/KR.png" color="3871716" shape="none" subtype="" />
	<PlaceType placeType="KOR" icon="Flags/KR.png" color="2891982" shape="none" subtype="" />
	<PlaceType placeType="KOREA, REPUBLIC OF" icon="Flags/KR.png" color="14964682" shape="none" subtype="" />
	<PlaceType placeType="KOREA SOUTH" icon="Flags/KR.png" color="3515525" shape="none" subtype="" />
	<PlaceType placeType="SOUTH KOREA" icon="Flags/KR.png" color="3564702" shape="none" subtype="" />
	<PlaceType placeType="XK" icon="Flags/XK.png" color="2026956" shape="none" subtype="" />
	<PlaceType placeType="KOSOVO" icon="Flags/XK.png" color="11820397" shape="none" subtype="" />
	<PlaceType placeType="KW" icon="Flags/KW.png" color="14093800" shape="none" subtype="" />
	<PlaceType placeType="KWT" icon="Flags/KW.png" color="6324145" shape="none" subtype="" />
	<PlaceType placeType="KUWAIT" icon="Flags/KW.png" color="14717345" shape="none" subtype="" />
	<PlaceType placeType="KG" icon="Flags/KG.png" color="9677699" shape="none" subtype="" />
	<PlaceType placeType="KGZ" icon="Flags/KG.png" color="14475015" shape="none" subtype="" />
	<PlaceType placeType="KYRGYZSTAN" icon="Flags/KG.png" color="8925420" shape="none" subtype="" />
	<PlaceType placeType="LA" icon="Flags/LA.png" color="5644762" shape="none" subtype="" />
	<PlaceType placeType="LAO" icon="Flags/LA.png" color="13580116" shape="none" subtype="" />
	<PlaceType placeType="LAOS" icon="Flags/LA.png" color="16774940" shape="none" subtype="" />
	<PlaceType placeType="LV" icon="Flags/LV.png" color="11994492" shape="none" subtype="" />
	<PlaceType placeType="LVA" icon="Flags/LV.png" color="16236946" shape="none" subtype="" />
	<PlaceType placeType="LATVIA" icon="Flags/LV.png" color="1267322" shape="none" subtype="" />
	<PlaceType placeType="LB" icon="Flags/LB.png" color="10249014" shape="none" subtype="" />
	<PlaceType placeType="LBN" icon="Flags/LB.png" color="5284842" shape="none" subtype="" />
	<PlaceType placeType="LEBANON" icon="Flags/LB.png" color="13796438" shape="none" subtype="" />
	<PlaceType placeType="LS" icon="Flags/LS.png" color="1313077" shape="none" subtype="" />
	<PlaceType placeType="LSO" icon="Flags/LS.png" color="13109024" shape="none" subtype="" />
	<PlaceType placeType="LESOTHO" icon="Flags/LS.png" color="5513232" shape="none" subtype="" />
	<PlaceType placeType="LR" icon="Flags/LR.png" color="5298201" shape="none" subtype="" />
	<PlaceType placeType="LBR" icon="Flags/LR.png" color="5624844" shape="none" subtype="" />
	<PlaceType placeType="LIBERIA" icon="Flags/LR.png" color="8926547" shape="none" subtype="" />
	<PlaceType placeType="LY" icon="Flags/LY.png" color="7285460" shape="none" subtype="" />
	<PlaceType placeType="LBY" icon="Flags/LY.png" color="702169" shape="none" subtype="" />
	<PlaceType placeType="LIBYA" icon="Flags/LY.png" color="997863" shape="none" subtype="" />
	<PlaceType placeType="LIBYAN ARAB JAMAHIRIYA" icon="Flags/LY.png" color="13570279" shape="none" subtype="" />
	<PlaceType placeType="LI" icon="Flags/LI.png" color="2236979" shape="none" subtype="" />
	<PlaceType placeType="LIE" icon="Flags/LI.png" color="4179625" shape="none" subtype="" />
	<PlaceType placeType="LIECHTENSTEIN" icon="Flags/LI.png" color="9813179" shape="none" subtype="" />
	<PlaceType placeType="LT" icon="Flags/LT.png" color="8948668" shape="none" subtype="" />
	<PlaceType placeType="LTU" icon="Flags/LT.png" color="1665948" shape="none" subtype="" />
	<PlaceType placeType="LITHUANIA" icon="Flags/LT.png" color="15555930" shape="none" subtype="" />
	<PlaceType placeType="LU" icon="Flags/LU.png" color="13907251" shape="none" subtype="" />
	<PlaceType placeType="LUX" icon="Flags/LU.png" color="4011816" shape="none" subtype="" />
	<PlaceType placeType="LUXEMBOURG" icon="Flags/LU.png" color="12067801" shape="none" subtype="" />
	<PlaceType placeType="LUXEMBURG" icon="Flags/LU.png" color="4943940" shape="none" subtype="" />
	<PlaceType placeType="MO" icon="Flags/MO.png" color="14629807" shape="none" subtype="" />
	<PlaceType placeType="MAC" icon="Flags/MO.png" color="713455" shape="none" subtype="" />
	<PlaceType placeType="MACAU" icon="Flags/MO.png" color="14263057" shape="none" subtype="" />
	<PlaceType placeType="MK" icon="Flags/MK.png" color="7853411" shape="none" subtype="" />
	<PlaceType placeType="MKD" icon="Flags/MK.png" color="11396406" shape="none" subtype="" />
	<PlaceType placeType="MACEDONIA" icon="Flags/MK.png" color="13205969" shape="none" subtype="" />
	<PlaceType placeType="F.Y.R.O.M" icon="Flags/MK.png" color="13898958" shape="none" subtype="" />
	<PlaceType placeType="F.Y.R.O.M." icon="Flags/MK.png" color="12426210" shape="none" subtype="" />
	<PlaceType placeType="F.Y.R.O.M (MACEDONIA)" icon="Flags/MK.png" color="828552" shape="none" subtype="" />
	<PlaceType placeType="MG" icon="Flags/MG.png" color="16684881" shape="none" subtype="" />
	<PlaceType placeType="MDG" icon="Flags/MG.png" color="7125468" shape="none" subtype="" />
	<PlaceType placeType="MADAGASCAR" icon="Flags/MG.png" color="12992015" shape="none" subtype="" />
	<PlaceType placeType="MW" icon="Flags/MW.png" color="16134484" shape="none" subtype="" />
	<PlaceType placeType="MWI" icon="Flags/MW.png" color="25474" shape="none" subtype="" />
	<PlaceType placeType="MALAWI" icon="Flags/MW.png" color="9634160" shape="none" subtype="" />
	<PlaceType placeType="MY" icon="Flags/MY.png" color="11833170" shape="none" subtype="" />
	<PlaceType placeType="MYS" icon="Flags/MY.png" color="11284524" shape="none" subtype="" />
	<PlaceType placeType="MALAYSIA" icon="Flags/MY.png" color="2830081" shape="none" subtype="" />
	<PlaceType placeType="MV" icon="Flags/MV.png" color="11191635" shape="none" subtype="" />
	<PlaceType placeType="MDV" icon="Flags/MV.png" color="4819915" shape="none" subtype="" />
	<PlaceType placeType="MALDIVES" icon="Flags/MV.png" color="8913841" shape="none" subtype="" />
	<PlaceType placeType="ML" icon="Flags/ML.png" color="15455848" shape="none" subtype="" />
	<PlaceType placeType="MLI" icon="Flags/ML.png" color="2722200" shape="none" subtype="" />
	<PlaceType placeType="MALI" icon="Flags/ML.png" color="2787229" shape="none" subtype="" />
	<PlaceType placeType="MT" icon="Flags/MT.png" color="3473935" shape="none" subtype="" />
	<PlaceType placeType="MLT" icon="Flags/MT.png" color="10923483" shape="none" subtype="" />
	<PlaceType placeType="MALTA" icon="Flags/MT.png" color="3255303" shape="none" subtype="" />
	<PlaceType placeType="ME" icon="Flags/ME.png" color="8984207" shape="none" subtype="" />
	<PlaceType placeType="MONTENEGRO" icon="Flags/ME.png" color="15763101" shape="none" subtype="" />
	<PlaceType placeType="MH" icon="Flags/MH.png" color="14469222" shape="none" subtype="" />
	<PlaceType placeType="MHL" icon="Flags/MH.png" color="1769579" shape="none" subtype="" />
	<PlaceType placeType="MARSHALL ISLANDS" icon="Flags/MH.png" color="12942401" shape="none" subtype="" />
	<PlaceType placeType="MQ" icon="Flags/MQ.png" color="16343155" shape="none" subtype="" />
	<PlaceType placeType="MTQ" icon="Flags/MQ.png" color="15065196" shape="none" subtype="" />
	<PlaceType placeType="MARTINIQUE" icon="Flags/MQ.png" color="11137231" shape="none" subtype="" />
	<PlaceType placeType="MR" icon="Flags/MR.png" color="274860" shape="none" subtype="" />
	<PlaceType placeType="MRT" icon="Flags/MR.png" color="1171387" shape="none" subtype="" />
	<PlaceType placeType="MAURITANIA" icon="Flags/MR.png" color="12757318" shape="none" subtype="" />
	<PlaceType placeType="MU" icon="Flags/MU.png" color="11216634" shape="none" subtype="" />
	<PlaceType placeType="MUS" icon="Flags/MU.png" color="1653849" shape="none" subtype="" />
	<PlaceType placeType="MAURITIUS" icon="Flags/MU.png" color="2537290" shape="none" subtype="" />
	<PlaceType placeType="YT" icon="Flags/YT.png" color="13853310" shape="none" subtype="" />
	<PlaceType placeType="MYT" icon="Flags/YT.png" color="4604092" shape="none" subtype="" />
	<PlaceType placeType="MAYOTTE" icon="Flags/YT.png" color="10381943" shape="none" subtype="" />
	<PlaceType placeType="MX" icon="Flags/MX.png" color="6349363" shape="none" subtype="" />
	<PlaceType placeType="MEX" icon="Flags/MX.png" color="7074277" shape="none" subtype="" />
	<PlaceType placeType="MEXICO" icon="Flags/MX.png" color="11819019" shape="none" subtype="" />
	<PlaceType placeType="FM" icon="Flags/FM.png" color="5129099" shape="none" subtype="" />
	<PlaceType placeType="FSM" icon="Flags/FM.png" color="15195748" shape="none" subtype="" />
	<PlaceType placeType="MICRONESIA, FEDERATED STATES OF" icon="Flags/FM.png" color="9262210" shape="none" subtype="" />
	<PlaceType placeType="MICRONESIA" icon="Flags/FM.png" color="5384369" shape="none" subtype="" />
	<PlaceType placeType="MD" icon="Flags/MD.png" color="15292899" shape="none" subtype="" />
	<PlaceType placeType="MDA" icon="Flags/MD.png" color="2154194" shape="none" subtype="" />
	<PlaceType placeType="MOLDOVA, REPUBLIC OF" icon="Flags/MD.png" color="4597861" shape="none" subtype="" />
	<PlaceType placeType="MOLDOVA" icon="Flags/MD.png" color="971805" shape="none" subtype="" />
	<PlaceType placeType="MC" icon="Flags/MC.png" color="15500230" shape="none" subtype="" />
	<PlaceType placeType="MCO" icon="Flags/MC.png" color="2730781" shape="none" subtype="" />
	<PlaceType placeType="MONACO" icon="Flags/MC.png" color="15360453" shape="none" subtype="" />
	<PlaceType placeType="MN" icon="Flags/MN.png" color="10899197" shape="none" subtype="" />
	<PlaceType placeType="MNG" icon="Flags/MN.png" color="9181626" shape="none" subtype="" />
	<PlaceType placeType="MONGOLIA" icon="Flags/MN.png" color="628405" shape="none" subtype="" />
	<PlaceType placeType="MS" icon="Flags/MS.png" color="10716763" shape="none" subtype="" />
	<PlaceType placeType="MSR" icon="Flags/MS.png" color="4476145" shape="none" subtype="" />
	<PlaceType placeType="MONTSERRAT" icon="Flags/MS.png" color="11857663" shape="none" subtype="" />
	<PlaceType placeType="MA" icon="Flags/MA.png" color="1027021" shape="none" subtype="" />
	<PlaceType placeType="MAR" icon="Flags/MA.png" color="5798408" shape="none" subtype="" />
	<PlaceType placeType="MOROCCO" icon="Flags/MA.png" color="7256112" shape="none" subtype="" />
	<PlaceType placeType="MZ" icon="Flags/MZ.png" color="12324963" shape="none" subtype="" />
	<PlaceType placeType="MOZ" icon="Flags/MZ.png" color="13052900" shape="none" subtype="" />
	<PlaceType placeType="MOZAMBIQUE" icon="Flags/MZ.png" color="15983112" shape="none" subtype="" />
	<PlaceType placeType="MM" icon="Flags/MM.png" color="9040957" shape="none" subtype="" />
	<PlaceType placeType="MMR" icon="Flags/MM.png" color="2519012" shape="none" subtype="" />
	<PlaceType placeType="MYANMAR (Burma)" icon="Flags/MM.png" color="2195209" shape="none" subtype="" />
	<PlaceType placeType="BURMA" icon="Flags/MM.png" color="11603374" shape="none" subtype="" />
	<PlaceType placeType="MYANMAR" icon="Flags/MM.png" color="7941270" shape="none" subtype="" />
	<PlaceType placeType="NA" icon="Flags/NA.png" color="14024234" shape="none" subtype="" />
	<PlaceType placeType="NAM" icon="Flags/NA.png" color="10198556" shape="none" subtype="" />
	<PlaceType placeType="NAMIBIA" icon="Flags/NA.png" color="8701330" shape="none" subtype="" />
	<PlaceType placeType="NATO" icon="Flags/NATO.png" color="10253074" shape="none" subtype="" />
	<PlaceType placeType="NR" icon="Flags/NR.png" color="10609367" shape="none" subtype="" />
	<PlaceType placeType="NRU" icon="Flags/NR.png" color="12048371" shape="none" subtype="" />
	<PlaceType placeType="NAURU" icon="Flags/NR.png" color="9761095" shape="none" subtype="" />
	<PlaceType placeType="NAURA" icon="Flags/Naura.png" color="7421612" shape="none" subtype="" />
	<PlaceType placeType="NP" icon="Flags/NP.png" color="7409861" shape="none" subtype="" />
	<PlaceType placeType="NPL" icon="Flags/NP.png" color="12265998" shape="none" subtype="" />
	<PlaceType placeType="NEPAL" icon="Flags/NP.png" color="2140984" shape="none" subtype="" />
	<PlaceType placeType="NT" icon="Flags/NT.png" color="11101101" shape="none" subtype="" />
	<PlaceType placeType="NEUTRAL ZONE" icon="Flags/NT.png" color="7519991" shape="none" subtype="" />
	<PlaceType placeType="NTZ" icon="Flags/NT.png" color="9556452" shape="none" subtype="" />
	<PlaceType placeType="NL" icon="Flags/NL.png" color="3173570" shape="none" subtype="" />
	<PlaceType placeType="NLD" icon="Flags/NL.png" color="3252822" shape="none" subtype="" />
	<PlaceType placeType="NETHERLANDS" icon="Flags/NL.png" color="11021097" shape="none" subtype="" />
	<PlaceType placeType="AN" icon="Flags/AN.png" color="16612722" shape="none" subtype="" />
	<PlaceType placeType="ANT" icon="Flags/AN.png" color="5738296" shape="none" subtype="" />
	<PlaceType placeType="NETHERLANDS ANTILLES" icon="Flags/AN.png" color="3783889" shape="none" subtype="" />
	<PlaceType placeType="NC" icon="Flags/NC.png" color="7143827" shape="none" subtype="" />
	<PlaceType placeType="NCL" icon="Flags/NC.png" color="13821975" shape="none" subtype="" />
	<PlaceType placeType="NEW CALEDONIA" icon="Flags/NC.png" color="13149984" shape="none" subtype="" />
	<PlaceType placeType="NZ" icon="Flags/NZ.png" color="11160187" shape="none" subtype="" />
	<PlaceType placeType="NZL" icon="Flags/NZ.png" color="5551854" shape="none" subtype="" />
	<PlaceType placeType="NEW ZEALAND" icon="Flags/NZ.png" color="3050827" shape="none" subtype="" />
	<PlaceType placeType="NEW ZEALAND (AOTEAROA)" icon="Flags/NZ.png" color="10782518" shape="none" subtype="" />
	<PlaceType placeType="AOTEAROA" icon="Flags/NZ.png" color="12542899" shape="none" subtype="" />
	<PlaceType placeType="NI" icon="Flags/NI.png" color="4217710" shape="none" subtype="" />
	<PlaceType placeType="NIC" icon="Flags/NI.png" color="12136989" shape="none" subtype="" />
	<PlaceType placeType="NICARAGUA" icon="Flags/NI.png" color="3928048" shape="none" subtype="" />
	<PlaceType placeType="NE" icon="Flags/NE.png" color="16592603" shape="none" subtype="" />
	<PlaceType placeType="NER" icon="Flags/NE.png" color="5941396" shape="none" subtype="" />
	<PlaceType placeType="NIGER" icon="Flags/NE.png" color="16402747" shape="none" subtype="" />
	<PlaceType placeType="NG" icon="Flags/NG.png" color="6360730" shape="none" subtype="" />
	<PlaceType placeType="NGA" icon="Flags/NG.png" color="9100985" shape="none" subtype="" />
	<PlaceType placeType="NIGERIA" icon="Flags/NG.png" color="9816120" shape="none" subtype="" />
	<PlaceType placeType="NU" icon="Flags/NU.png" color="5651630" shape="none" subtype="" />
	<PlaceType placeType="NIU" icon="Flags/NU.png" color="6797660" shape="none" subtype="" />
	<PlaceType placeType="NIUE" icon="Flags/NU.png" color="13321015" shape="none" subtype="" />
	<PlaceType placeType="NF" icon="Flags/NF.png" color="3206706" shape="none" subtype="" />
	<PlaceType placeType="NFK" icon="Flags/NF.png" color="2365425" shape="none" subtype="" />
	<PlaceType placeType="NORFOLK ISLAND" icon="Flags/NF.png" color="6157637" shape="none" subtype="" />
	<PlaceType placeType="MP" icon="Flags/MP.png" color="8313524" shape="none" subtype="" />
	<PlaceType placeType="MNP" icon="Flags/MP.png" color="13311740" shape="none" subtype="" />
	<PlaceType placeType="NORTHERN MARIANA ISLANDS" icon="Flags/MP.png" color="5647725" shape="none" subtype="" />
	<PlaceType placeType="NO" icon="Flags/NO.png" color="13757679" shape="none" subtype="" />
	<PlaceType placeType="NOR" icon="Flags/NO.png" color="960769" shape="none" subtype="" />
	<PlaceType placeType="NORWAY" icon="Flags/NO.png" color="15995613" shape="none" subtype="" />
	<PlaceType placeType="OM" icon="Flags/OM.png" color="9810753" shape="none" subtype="" />
	<PlaceType placeType="OMN" icon="Flags/OM.png" color="1932221" shape="none" subtype="" />
	<PlaceType placeType="OMAN" icon="Flags/OM.png" color="8797005" shape="none" subtype="" />
	<PlaceType placeType="PK" icon="Flags/PK.png" color="15180524" shape="none" subtype="" />
	<PlaceType placeType="PAK" icon="Flags/PK.png" color="10708062" shape="none" subtype="" />
	<PlaceType placeType="PAKISTAN" icon="Flags/PK.png" color="102057" shape="none" subtype="" />
	<PlaceType placeType="PW" icon="Flags/PW.png" color="6963908" shape="none" subtype="" />
	<PlaceType placeType="PLW" icon="Flags/PW.png" color="7098559" shape="none" subtype="" />
	<PlaceType placeType="PALAU" icon="Flags/PW.png" color="10968307" shape="none" subtype="" />
	<PlaceType placeType="PALESTINE" icon="Flags/PS.png" color="2298541" shape="none" subtype="" />
	<PlaceType placeType="PS" icon="Flags/PS.png" color="6844005" shape="none" subtype="" />
	<PlaceType placeType="PALESTINE TERRITORY" icon="Flags/PS.png" color="14109312" shape="none" subtype="" />
	<PlaceType placeType="ORG OF AFRICAN UNITY" icon="Flags/Org of African Unity.png" color="16323867" shape="none" subtype="" />
	<PlaceType placeType="PA" icon="Flags/PA.png" color="14604616" shape="none" subtype="" />
	<PlaceType placeType="PAN" icon="Flags/PA.png" color="8578834" shape="none" subtype="" />
	<PlaceType placeType="PANAMA" icon="Flags/PA.png" color="7368135" shape="none" subtype="" />
	<PlaceType placeType="PG" icon="Flags/PG.png" color="7600411" shape="none" subtype="" />
	<PlaceType placeType="PNG" icon="Flags/PG.png" color="3182413" shape="none" subtype="" />
	<PlaceType placeType="PAPUA NEW GUINEA" icon="Flags/PG.png" color="4487382" shape="none" subtype="" />
	<PlaceType placeType="PY" icon="Flags/PY.png" color="2812445" shape="none" subtype="" />
	<PlaceType placeType="PRY" icon="Flags/PY.png" color="1432279" shape="none" subtype="" />
	<PlaceType placeType="PARAGUAY" icon="Flags/PY.png" color="150022" shape="none" subtype="" />
	<PlaceType placeType="PE" icon="Flags/PE.png" color="6227826" shape="none" subtype="" />
	<PlaceType placeType="PER" icon="Flags/PE.png" color="4332886" shape="none" subtype="" />
	<PlaceType placeType="PERU" icon="Flags/PE.png" color="5321024" shape="none" subtype="" />
	<PlaceType placeType="PH" icon="Flags/PH.png" color="3624953" shape="none" subtype="" />
	<PlaceType placeType="PHL" icon="Flags/PH.png" color="2452722" shape="none" subtype="" />
	<PlaceType placeType="PHILIPPINES" icon="Flags/PH.png" color="9002364" shape="none" subtype="" />
	<PlaceType placeType="PIRATE" icon="Flags/Pirate.png" color="1407773" shape="none" subtype="" />
	<PlaceType placeType="PN" icon="Flags/PN.png" color="1089883" shape="none" subtype="" />
	<PlaceType placeType="PCN" icon="Flags/PN.png" color="971630" shape="none" subtype="" />
	<PlaceType placeType="PITCAIRN" icon="Flags/PN.png" color="4259936" shape="none" subtype="" />
	<PlaceType placeType="PL" icon="Flags/PL.png" color="653769" shape="none" subtype="" />
	<PlaceType placeType="POL" icon="Flags/PL.png" color="13863664" shape="none" subtype="" />
	<PlaceType placeType="POLAND" icon="Flags/PL.png" color="12927026" shape="none" subtype="" />
	<PlaceType placeType="PT" icon="Flags/PT.png" color="6130319" shape="none" subtype="" />
	<PlaceType placeType="PRT" icon="Flags/PT.png" color="14777891" shape="none" subtype="" />
	<PlaceType placeType="PORTUGAL" icon="Flags/PT.png" color="6366855" shape="none" subtype="" />
	<PlaceType placeType="PR" icon="Flags/PR.png" color="3557824" shape="none" subtype="" />
	<PlaceType placeType="PRI" icon="Flags/PR.png" color="7798144" shape="none" subtype="" />
	<PlaceType placeType="PUERTO RICO" icon="Flags/PR.png" color="1541563" shape="none" subtype="" />
	<PlaceType placeType="QA" icon="Flags/QA.png" color="4445100" shape="none" subtype="" />
	<PlaceType placeType="QAT" icon="Flags/QA.png" color="14327123" shape="none" subtype="" />
	<PlaceType placeType="QATAR" icon="Flags/QA.png" color="2435899" shape="none" subtype="" />
	<PlaceType placeType="RE" icon="Flags/RE.png" color="1796286" shape="none" subtype="" />
	<PlaceType placeType="REU" icon="Flags/RE.png" color="13082360" shape="none" subtype="" />
	<PlaceType placeType="REUNION" icon="Flags/RE.png" color="9378371" shape="none" subtype="" />
	<PlaceType placeType="RO" icon="Flags/RO.png" color="6107670" shape="none" subtype="" />
	<PlaceType placeType="ROM" icon="Flags/RO.png" color="8641801" shape="none" subtype="" />
	<PlaceType placeType="ROMANIA" icon="Flags/RO.png" color="5435662" shape="none" subtype="" />
	<PlaceType placeType="RS" icon="Flags/RS.png" color="5241082" shape="none" subtype="" />
	<PlaceType placeType="SERBIA" icon="Flags/RS.png" color="15474727" shape="none" subtype="" />
	<PlaceType placeType="RU" icon="Flags/RU.png" color="14987033" shape="none" subtype="" />
	<PlaceType placeType="RUS" icon="Flags/RU.png" color="14894776" shape="none" subtype="" />
	<PlaceType placeType="RUSSIA" icon="Flags/RU.png" color="1770446" shape="none" subtype="" />
	<PlaceType placeType="RUSSIAN FEDERATION" icon="Flags/RU.png" color="3375818" shape="none" subtype="" />
	<PlaceType placeType="RW" icon="Flags/RW.png" color="6147254" shape="none" subtype="" />
	<PlaceType placeType="RWA" icon="Flags/RW.png" color="7059206" shape="none" subtype="" />
	<PlaceType placeType="RWANDA" icon="Flags/RW.png" color="2186029" shape="none" subtype="" />
	<PlaceType placeType="KN" icon="Flags/KN.png" color="10186473" shape="none" subtype="" />
	<PlaceType placeType="KNA" icon="Flags/KN.png" color="6280348" shape="none" subtype="" />
	<PlaceType placeType="SAINT KITTS AND NEVIS" icon="Flags/KN.png" color="6887776" shape="none" subtype="" />
	<PlaceType placeType="LC" icon="Flags/LC.png" color="3702376" shape="none" subtype="" />
	<PlaceType placeType="LCA" icon="Flags/LC.png" color="15765772" shape="none" subtype="" />
	<PlaceType placeType="SAINT LUCIA" icon="Flags/LC.png" color="10426718" shape="none" subtype="" />
	<PlaceType placeType="VC" icon="Flags/VC.png" color="13595127" shape="none" subtype="" />
	<PlaceType placeType="VCT" icon="Flags/VC.png" color="14574247" shape="none" subtype="" />
	<PlaceType placeType="SAINT VINCENT AND THE GRENADINES" icon="Flags/VC.png" color="6819896" shape="none" subtype="" />
	<PlaceType placeType="SAINT VINCENT" icon="Flags/VC.png" color="656620" shape="none" subtype="" />
	<PlaceType placeType="WS" icon="Flags/WS.png" color="13835778" shape="none" subtype="" />
	<PlaceType placeType="WSM" icon="Flags/WS.png" color="15232381" shape="none" subtype="" />
	<PlaceType placeType="SAMOA" icon="Flags/WS.png" color="16440514" shape="none" subtype="" />
	<PlaceType placeType="SM" icon="Flags/SM.png" color="11423438" shape="none" subtype="" />
	<PlaceType placeType="SMR" icon="Flags/SM.png" color="1680521" shape="none" subtype="" />
	<PlaceType placeType="SAN MARINO" icon="Flags/SM.png" color="3836695" shape="none" subtype="" />
	<PlaceType placeType="ST" icon="Flags/ST.png" color="2504240" shape="none" subtype="" />
	<PlaceType placeType="STP" icon="Flags/ST.png" color="9107486" shape="none" subtype="" />
	<PlaceType placeType="SAO TOME AND PRINCIPE" icon="Flags/ST.png" color="7883974" shape="none" subtype="" />
	<PlaceType placeType="SA" icon="Flags/SA.png" color="16667304" shape="none" subtype="" />
	<PlaceType placeType="SAU" icon="Flags/SA.png" color="5086976" shape="none" subtype="" />
	<PlaceType placeType="SAUDI ARABIA" icon="Flags/SA.png" color="14593263" shape="none" subtype="" />
	<PlaceType placeType="SN" icon="Flags/SN.png" color="9661463" shape="none" subtype="" />
	<PlaceType placeType="SEN" icon="Flags/SN.png" color="10708835" shape="none" subtype="" />
	<PlaceType placeType="SENEGAL" icon="Flags/SN.png" color="10155680" shape="none" subtype="" />
	<PlaceType placeType="SC" icon="Flags/SC.png" color="5958433" shape="none" subtype="" />
	<PlaceType placeType="SYC" icon="Flags/SC.png" color="4027614" shape="none" subtype="" />
	<PlaceType placeType="SEYCHELLES" icon="Flags/SC.png" color="4773814" shape="none" subtype="" />
	<PlaceType placeType="SL" icon="Flags/SL.png" color="13000378" shape="none" subtype="" />
	<PlaceType placeType="SLE" icon="Flags/SL.png" color="10349725" shape="none" subtype="" />
	<PlaceType placeType="SIERRA LEONE" icon="Flags/SL.png" color="6857060" shape="none" subtype="" />
	<PlaceType placeType="SG" icon="Flags/SG.png" color="9199381" shape="none" subtype="" />
	<PlaceType placeType="SGP" icon="Flags/SG.png" color="5821989" shape="none" subtype="" />
	<PlaceType placeType="SINGAPORE" icon="Flags/SG.png" color="14245813" shape="none" subtype="" />
	<PlaceType placeType="SK" icon="Flags/SK.png" color="5723820" shape="none" subtype="" />
	<PlaceType placeType="SVK" icon="Flags/SK.png" color="7779304" shape="none" subtype="" />
	<PlaceType placeType="SLOVAKIA (Slovak Republic)" icon="Flags/SK.png" color="14284661" shape="none" subtype="" />
	<PlaceType placeType="SLOVAK REPUBLLIC" icon="Flags/SK.png" color="13626274" shape="none" subtype="" />
	<PlaceType placeType="SLOVAKIA" icon="Flags/SK.png" color="7291033" shape="none" subtype="" />
	<PlaceType placeType="SKULL AND CROSSBONES" icon="Flags/Skull and Crossbones.png" color="9409463" shape="none" subtype="" />
	<PlaceType placeType="SI" icon="Flags/SI.png" color="1071378" shape="none" subtype="" />
	<PlaceType placeType="SVN" icon="Flags/SI.png" color="16695623" shape="none" subtype="" />
	<PlaceType placeType="SLOVENIA" icon="Flags/SI.png" color="2136003" shape="none" subtype="" />
	<PlaceType placeType="SB" icon="Flags/SB.png" color="628080" shape="none" subtype="" />
	<PlaceType placeType="SLB" icon="Flags/SB.png" color="13079431" shape="none" subtype="" />
	<PlaceType placeType="SOLOMON ISLANDS" icon="Flags/SB.png" color="11682484" shape="none" subtype="" />
	<PlaceType placeType="SOLOMON ISLS." icon="Flags/SB.png" color="7800806" shape="none" subtype="" />
	<PlaceType placeType="SOLOMON ISLS" icon="Flags/SB.png" color="10876296" shape="none" subtype="" />
	<PlaceType placeType="SO" icon="Flags/SO.png" color="8016795" shape="none" subtype="" />
	<PlaceType placeType="SOM" icon="Flags/SO.png" color="8052119" shape="none" subtype="" />
	<PlaceType placeType="SOMALIA" icon="Flags/SO.png" color="9540524" shape="none" subtype="" />
	<PlaceType placeType="ZA" icon="Flags/ZA.png" color="4625161" shape="none" subtype="" />
	<PlaceType placeType="ZAF" icon="Flags/ZA.png" color="781291" shape="none" subtype="" />
	<PlaceType placeType="SOUTH AFRICA" icon="Flags/ZA.png" color="6435365" shape="none" subtype="" />
	<PlaceType placeType="GS" icon="Flags/GS.png" color="410009" shape="none" subtype="" />
	<PlaceType placeType="SGS" icon="Flags/GS.png" color="6224229" shape="none" subtype="" />
	<PlaceType placeType="SOUTH GEORGIA AND SOUTH S.S." icon="Flags/GS.png" color="7705916" shape="none" subtype="" />
	<PlaceType placeType="SOUTH GEORGIA" icon="Flags/GS.png" color="10618459" shape="none" subtype="" />
	<PlaceType placeType="S. GEORGIA AND S. SANDWICH ISLS" icon="Flags/GS.png" color="3105789" shape="none" subtype="" />
	<PlaceType placeType="S. GEORGIA AND S. SANDWICH ISLS." icon="Flags/GS.png" color="2267997" shape="none" subtype="" />
	<PlaceType placeType="ES" icon="Flags/ES.png" color="6956993" shape="none" subtype="" />
	<PlaceType placeType="ESP" icon="Flags/ES.png" color="6955949" shape="none" subtype="" />
	<PlaceType placeType="SPAIN" icon="Flags/ES.png" color="15983520" shape="none" subtype="" />
	<PlaceType placeType="EU" icon="Flags/EU.png" color="2770186" shape="none" subtype="" />
	<PlaceType placeType="EUROPEAN UNION" icon="Flags/EU.png" color="354859" shape="none" subtype="" />
	<PlaceType placeType="LK" icon="Flags/LK.png" color="11462576" shape="none" subtype="" />
	<PlaceType placeType="LKA" icon="Flags/LK.png" color="217477" shape="none" subtype="" />
	<PlaceType placeType="SRI LANKA" icon="Flags/LK.png" color="14195812" shape="none" subtype="" />
	<PlaceType placeType="SH" icon="Flags/SH.png" color="11189592" shape="none" subtype="" />
	<PlaceType placeType="SHN" icon="Flags/SH.png" color="6900437" shape="none" subtype="" />
	<PlaceType placeType="ST. HELENA" icon="Flags/SH.png" color="1171427" shape="none" subtype="" />
	<PlaceType placeType="ST HELENA" icon="Flags/SH.png" color="11436781" shape="none" subtype="" />
	<PlaceType placeType="PM" icon="Flags/PM.png" color="4872402" shape="none" subtype="" />
	<PlaceType placeType="SPM" icon="Flags/PM.png" color="1173665" shape="none" subtype="" />
	<PlaceType placeType="ST. PIERRE AND MIQUELON" icon="Flags/PM.png" color="16324598" shape="none" subtype="" />
	<PlaceType placeType="ST PIERRE AND MIQUELON" icon="Flags/PM.png" color="169821" shape="none" subtype="" />
	<PlaceType placeType="SD" icon="Flags/SD.png" color="8509252" shape="none" subtype="" />
	<PlaceType placeType="SDN" icon="Flags/SD.png" color="10739307" shape="none" subtype="" />
	<PlaceType placeType="SUDAN" icon="Flags/SD.png" color="10767853" shape="none" subtype="" />
	<PlaceType placeType="SOUTH SUDAN" icon="Flags/SS.png" color="9165796" shape="none" subtype="" />
	<PlaceType placeType="SS" icon="Flags/SS.png" color="9281905" shape="none" subtype="" />
	<PlaceType placeType="S SUDAN" icon="Flags/SS.png" color="10145026" shape="none" subtype="" />
	<PlaceType placeType="SR" icon="Flags/SR.png" color="5032840" shape="none" subtype="" />
	<PlaceType placeType="SUR" icon="Flags/SR.png" color="752977" shape="none" subtype="" />
	<PlaceType placeType="SURINAME" icon="Flags/SR.png" color="15924267" shape="none" subtype="" />
	<PlaceType placeType="SU" icon="Flags/SU.png" color="13988771" shape="none" subtype="" />
	<PlaceType placeType="USSR FORMER" icon="Flags/SU.png" color="15375556" shape="none" subtype="" />
	<PlaceType placeType="USSR" icon="Flags/SU.png" color="16638129" shape="none" subtype="" />
	<PlaceType placeType="USSR (FORMER)" icon="Flags/SU.png" color="14235523" shape="none" subtype="" />
	<PlaceType placeType="SJ" icon="Flags/SJ.png" color="16467539" shape="none" subtype="" />
	<PlaceType placeType="SJM" icon="Flags/SJ.png" color="10362786" shape="none" subtype="" />
	<PlaceType placeType="SVALBARD AND JAN MAYEN ISLANDS" icon="Flags/SJ.png" color="1937697" shape="none" subtype="" />
	<PlaceType placeType="SZ" icon="Flags/SZ.png" color="13050859" shape="none" subtype="" />
	<PlaceType placeType="SWZ" icon="Flags/SZ.png" color="646848" shape="none" subtype="" />
	<PlaceType placeType="SWAZILAND" icon="Flags/SZ.png" color="13854948" shape="none" subtype="" />
	<PlaceType placeType="SE" icon="Flags/SE.png" color="6056468" shape="none" subtype="" />
	<PlaceType placeType="SWE" icon="Flags/SE.png" color="8785510" shape="none" subtype="" />
	<PlaceType placeType="SWEDEN" icon="Flags/SE.png" color="14475960" shape="none" subtype="" />
	<PlaceType placeType="CH" icon="Flags/CH.png" color="6350776" shape="none" subtype="" />
	<PlaceType placeType="CHE" icon="Flags/CH.png" color="14826000" shape="none" subtype="" />
	<PlaceType placeType="SWITZERLAND" icon="Flags/CH.png" color="5157779" shape="none" subtype="" />
	<PlaceType placeType="SY" icon="Flags/SY.png" color="4735842" shape="none" subtype="" />
	<PlaceType placeType="SYR" icon="Flags/SY.png" color="14984824" shape="none" subtype="" />
	<PlaceType placeType="SYRIAN ARAB REPUBLIC" icon="Flags/SY.png" color="11973289" shape="none" subtype="" />
	<PlaceType placeType="SYRIA" icon="Flags/SY.png" color="7871593" shape="none" subtype="" />
	<PlaceType placeType="TW" icon="Flags/TW.png" color="4240522" shape="none" subtype="" />
	<PlaceType placeType="TWN" icon="Flags/TW.png" color="7034354" shape="none" subtype="" />
	<PlaceType placeType="TAIWAN, PROVINCE OF CHINA" icon="Flags/TW.png" color="14444951" shape="none" subtype="" />
	<PlaceType placeType="TAIWAN" icon="Flags/TW.png" color="1474764" shape="none" subtype="" />
	<PlaceType placeType="TJ" icon="Flags/TJ.png" color="5007894" shape="none" subtype="" />
	<PlaceType placeType="TJK" icon="Flags/TJ.png" color="13511695" shape="none" subtype="" />
	<PlaceType placeType="TAJIKISTAN" icon="Flags/TJ.png" color="10364685" shape="none" subtype="" />
	<PlaceType placeType="TZ" icon="Flags/TZ.png" color="10205649" shape="none" subtype="" />
	<PlaceType placeType="TZA" icon="Flags/TZ.png" color="5940639" shape="none" subtype="" />
	<PlaceType placeType="TANZANIA, UNITED REPUBLIC OF" icon="Flags/TZ.png" color="1845303" shape="none" subtype="" />
	<PlaceType placeType="TANZANIA" icon="Flags/TZ.png" color="9728747" shape="none" subtype="" />
	<PlaceType placeType="TH" icon="Flags/TH.png" color="11433422" shape="none" subtype="" />
	<PlaceType placeType="THA" icon="Flags/TH.png" color="15981880" shape="none" subtype="" />
	<PlaceType placeType="THAILAND" icon="Flags/TH.png" color="4933687" shape="none" subtype="" />
	<PlaceType placeType="TG" icon="Flags/TG.png" color="9667344" shape="none" subtype="" />
	<PlaceType placeType="TGO" icon="Flags/TG.png" color="7974802" shape="none" subtype="" />
	<PlaceType placeType="TOGO" icon="Flags/TG.png" color="1991469" shape="none" subtype="" />
	<PlaceType placeType="TK" icon="Flags/TK.png" color="550575" shape="none" subtype="" />
	<PlaceType placeType="TKL" icon="Flags/TK.png" color="6797068" shape="none" subtype="" />
	<PlaceType placeType="TOKELAU" icon="Flags/TK.png" color="16402027" shape="none" subtype="" />
	<PlaceType placeType="TO" icon="Flags/TO.png" color="4437465" shape="none" subtype="" />
	<PlaceType placeType="TON" icon="Flags/TO.png" color="15471180" shape="none" subtype="" />
	<PlaceType placeType="TONGA" icon="Flags/TO.png" color="7501747" shape="none" subtype="" />
	<PlaceType placeType="TT" icon="Flags/TT.png" color="9819426" shape="none" subtype="" />
	<PlaceType placeType="TTO" icon="Flags/TT.png" color="14242493" shape="none" subtype="" />
	<PlaceType placeType="TRINIDAD AND TOBAGO" icon="Flags/TT.png" color="3585481" shape="none" subtype="" />
	<PlaceType placeType="TN" icon="Flags/TN.png" color="7591843" shape="none" subtype="" />
	<PlaceType placeType="TUN" icon="Flags/TN.png" color="14578354" shape="none" subtype="" />
	<PlaceType placeType="TUNISIA" icon="Flags/TN.png" color="1190667" shape="none" subtype="" />
	<PlaceType placeType="TR" icon="Flags/TR.png" color="1543158" shape="none" subtype="" />
	<PlaceType placeType="TUR" icon="Flags/TR.png" color="637337" shape="none" subtype="" />
	<PlaceType placeType="TURKEY" icon="Flags/TR.png" color="5369242" shape="none" subtype="" />
	<PlaceType placeType="TM" icon="Flags/TM.png" color="3198925" shape="none" subtype="" />
	<PlaceType placeType="TKM" icon="Flags/TM.png" color="148734" shape="none" subtype="" />
	<PlaceType placeType="TURKMENISTAN" icon="Flags/TM.png" color="14544155" shape="none" subtype="" />
	<PlaceType placeType="TC" icon="Flags/TC.png" color="10129834" shape="none" subtype="" />
	<PlaceType placeType="TCA" icon="Flags/TC.png" color="4163767" shape="none" subtype="" />
	<PlaceType placeType="TURKS AND CAICOS ISLANDS" icon="Flags/TC.png" color="12473032" shape="none" subtype="" />
	<PlaceType placeType="TV" icon="Flags/TV.png" color="15034688" shape="none" subtype="" />
	<PlaceType placeType="TUV" icon="Flags/TV.png" color="204628" shape="none" subtype="" />
	<PlaceType placeType="TUVALU" icon="Flags/TV.png" color="5475919" shape="none" subtype="" />
	<PlaceType placeType="UG" icon="Flags/UG.png" color="16422057" shape="none" subtype="" />
	<PlaceType placeType="UGA" icon="Flags/UG.png" color="8401733" shape="none" subtype="" />
	<PlaceType placeType="UGANDA" icon="Flags/UG.png" color="3677637" shape="none" subtype="" />
	<PlaceType placeType="UA" icon="Flags/UA.png" color="3872544" shape="none" subtype="" />
	<PlaceType placeType="UKR" icon="Flags/UA.png" color="10400845" shape="none" subtype="" />
	<PlaceType placeType="UKRAINE" icon="Flags/UA.png" color="8234745" shape="none" subtype="" />
	<PlaceType placeType="AE" icon="Flags/AE.png" color="14386815" shape="none" subtype="" />
	<PlaceType placeType="ARE" icon="Flags/AE.png" color="2202308" shape="none" subtype="" />
	<PlaceType placeType="UNITED ARAB EMIRATES" icon="Flags/AE.png" color="15265401" shape="none" subtype="" />
	<PlaceType placeType="GB" icon="Flags/UK.png" color="831970" shape="none" subtype="" />
	<PlaceType placeType="GBR" icon="Flags/UK.png" color="16044148" shape="none" subtype="" />
	<PlaceType placeType="UNITED KINGDOM" icon="Flags/UK.png" color="2629113" shape="none" subtype="" />
	<PlaceType placeType="GREAT BRITAIN" icon="Flags/UK.png" color="6838009" shape="none" subtype="" />
	<PlaceType placeType="GREAT BRITAIN (UK)" icon="Flags/UK.png" color="14874099" shape="none" subtype="" />
	<PlaceType placeType="UK" icon="Flags/UK.png" color="1386128" shape="none" subtype="" />
	<PlaceType placeType="US" icon="Flags/US.png" color="1575511" shape="none" subtype="" />
	<PlaceType placeType="USA" icon="Flags/US.png" color="9720527" shape="none" subtype="" />
	<PlaceType placeType="UNITED STATES" icon="Flags/US.png" color="11909135" shape="none" subtype="" />
	<PlaceType placeType="UNITED STATES OF AMERICA" icon="Flags/US.png" color="10030470" shape="none" subtype="" />
	<PlaceType placeType="UM" icon="Flags/UM.png" color="8192341" shape="none" subtype="" />
	<PlaceType placeType="UMI" icon="Flags/UM.png" color="14577177" shape="none" subtype="" />
	<PlaceType placeType="U.S. MINOR ISLANDS" icon="Flags/UM.png" color="8008669" shape="none" subtype="" />
	<PlaceType placeType="US MINOR ISLANDS" icon="Flags/UM.png" color="12961056" shape="none" subtype="" />
	<PlaceType placeType="US MINOR OUTLYING ISLANDS" icon="Flags/UM.png" color="6227188" shape="none" subtype="" />
	<PlaceType placeType="UNITED NATIONS ORG" icon="Flags/United Nations Org.png" color="4909737" shape="none" subtype="" />
	<PlaceType placeType="UY" icon="Flags/UY.png" color="10279937" shape="none" subtype="" />
	<PlaceType placeType="URY" icon="Flags/UY.png" color="903008" shape="none" subtype="" />
	<PlaceType placeType="URUGUAY" icon="Flags/UY.png" color="3801476" shape="none" subtype="" />
	<PlaceType placeType="UZ" icon="Flags/UZ.png" color="4485869" shape="none" subtype="" />
	<PlaceType placeType="UZB" icon="Flags/UZ.png" color="7608805" shape="none" subtype="" />
	<PlaceType placeType="UZBEKISTAN" icon="Flags/UZ.png" color="7692467" shape="none" subtype="" />
	<PlaceType placeType="VU" icon="Flags/VU.png" color="4081284" shape="none" subtype="" />
	<PlaceType placeType="VUT" icon="Flags/VU.png" color="15318131" shape="none" subtype="" />
	<PlaceType placeType="VANUATU" icon="Flags/VU.png" color="5407767" shape="none" subtype="" />
	<PlaceType placeType="VE" icon="Flags/VE.png" color="10169290" shape="none" subtype="" />
	<PlaceType placeType="VEN" icon="Flags/VE.png" color="383385" shape="none" subtype="" />
	<PlaceType placeType="VENEZUELA" icon="Flags/VE.png" color="1695707" shape="none" subtype="" />
	<PlaceType placeType="VN" icon="Flags/VN.png" color="2293920" shape="none" subtype="" />
	<PlaceType placeType="VNM" icon="Flags/VN.png" color="8592913" shape="none" subtype="" />
	<PlaceType placeType="VIET NAM" icon="Flags/VN.png" color="6083316" shape="none" subtype="" />
	<PlaceType placeType="VIETNAM" icon="Flags/VN.png" color="3486265" shape="none" subtype="" />
	<PlaceType placeType="VG" icon="Flags/VG.png" color="5739099" shape="none" subtype="" />
	<PlaceType placeType="VGB" icon="Flags/VG.png" color="8072393" shape="none" subtype="" />
	<PlaceType placeType="VIRGIN ISLANDS (BRITISH)" icon="Flags/VG.png" color="7347530" shape="none" subtype="" />
	<PlaceType placeType="VIRGIN ISLANDS BRITISH" icon="Flags/VG.png" color="4857462" shape="none" subtype="" />
	<PlaceType placeType="BRITISH VIRGIN ISLANDS" icon="Flags/VG.png" color="14558535" shape="none" subtype="" />
	<PlaceType placeType="VI" icon="Flags/VI.png" color="16266998" shape="none" subtype="" />
	<PlaceType placeType="VIR" icon="Flags/VI.png" color="14344745" shape="none" subtype="" />
	<PlaceType placeType="VIRGIN ISLANDS" icon="Flags/VI.png" color="3899527" shape="none" subtype="" />
	<PlaceType placeType="VIRGIN ISLANDS (U.S.)" icon="Flags/VI.png" color="10978990" shape="none" subtype="" />
	<PlaceType placeType="VIRGIN ISLANDS US" icon="Flags/VI.png" color="5198915" shape="none" subtype="" />
	<PlaceType placeType="WF" icon="Flags/WF.png" color="10267038" shape="none" subtype="" />
	<PlaceType placeType="WLF" icon="Flags/WF.png" color="15136230" shape="none" subtype="" />
	<PlaceType placeType="WALLIS AND FUTUNA ISLANDS" icon="Flags/WF.png" color="10277969" shape="none" subtype="" />
	<PlaceType placeType="EH" icon="Flags/EH.png" color="5802949" shape="none" subtype="" />
	<PlaceType placeType="ESH" icon="Flags/EH.png" color="962728" shape="none" subtype="" />
	<PlaceType placeType="WESTERN SAHARA" icon="Flags/EH.png" color="2130490" shape="none" subtype="" />
	<PlaceType placeType="SAHARA" icon="Flags/EH.png" color="348356" shape="none" subtype="" />
	<PlaceType placeType="YE" icon="Flags/YE.png" color="7679267" shape="none" subtype="" />
	<PlaceType placeType="YEM" icon="Flags/YE.png" color="15808063" shape="none" subtype="" />
	<PlaceType placeType="YEMEN" icon="Flags/YE.png" color="14763254" shape="none" subtype="" />
	<PlaceType placeType="YU" icon="Flags/YU.png" color="4254944" shape="none" subtype="" />
	<PlaceType placeType="YUG" icon="Flags/YU.png" color="7825748" shape="none" subtype="" />
	<PlaceType placeType="Yugoslavia (Serbia and Montenegro)" icon="Flags/YU.png" color="923254" shape="none" subtype="" />
	<PlaceType placeType="YUGOSLAVIA" icon="Flags/YU.png" color="1881410" shape="none" subtype="" />
	<PlaceType placeType="ZR" icon="Flags/ZR.png" color="5128418" shape="none" subtype="" />
	<PlaceType placeType="ZAIRE" icon="Flags/ZR.png" color="323994" shape="none" subtype="" />
	<PlaceType placeType="ZM" icon="Flags/ZM.png" color="7171039" shape="none" subtype="" />
	<PlaceType placeType="ZMB" icon="Flags/ZM.png" color="759239" shape="none" subtype="" />
	<PlaceType placeType="ZAMBIA" icon="Flags/ZM.png" color="2997215" shape="none" subtype="" />
	<PlaceType placeType="ZW" icon="Flags/ZW.png" color="5665059" shape="none" subtype="" />
	<PlaceType placeType="ZWE" icon="Flags/ZW.png" color="12337775" shape="none" subtype="" />
	<PlaceType placeType="ZIMBABWE" icon="Flags/ZW.png" color="5652563" shape="none" subtype="" />


</OptionSet>
